Genes,Result
ENSMUSG00000087528,1
ENSMUSG00000027335,1
ENSMUSG00000000881,1
ENSMUSG00000106296,1
ENSMUSG00000038729,1
ENSMUSG00000052135,1
ENSMUSG00000029027,1
ENSMUSG00000085069,1
ENSMUSG00000029321,1
ENSMUSG00000001739,1
ENSMUSG00000029552,1
ENSMUSG00000003348,1
ENSMUSG00000031530,1
ENSMUSG00000055994,1
ENSMUSG00000090889,1
ENSMUSG00000042045,1
ENSMUSG00000039114,1
ENSMUSG00000044636,1
ENSMUSG00000022868,1
ENSMUSG00000023176,1
ENSMUSG00000024330,1
ENSMUSG00000044469,1
ENSMUSG00000033107,1
ENSMUSG00000024935,1
ENSMUSG00000052748,2
ENSMUSG00000026589,2
ENSMUSG00000026582,2
ENSMUSG00000088246,2
ENSMUSG00000090222,2
ENSMUSG00000027559,2
ENSMUSG00000046694,2
ENSMUSG00000006638,2
ENSMUSG00000058427,2
ENSMUSG00000036948,2
ENSMUSG00000042213,2
ENSMUSG00000000183,2
ENSMUSG00000108658,2
ENSMUSG00000053985,2
ENSMUSG00000100826,2
ENSMUSG00000099481,2
ENSMUSG00000037921,2
ENSMUSG00000086859,2
ENSMUSG00000097906,2
ENSMUSG00000074800,2
ENSMUSG00000027313,3
ENSMUSG00000047907,3
ENSMUSG00000070583,3
ENSMUSG00000070577,3
ENSMUSG00000089809,3
ENSMUSG00000003477,3
ENSMUSG00000072872,3
ENSMUSG00000109274,3
ENSMUSG00000003752,3
ENSMUSG00000055489,3
ENSMUSG00000109904,3
ENSMUSG00000087530,3
ENSMUSG00000019883,3
ENSMUSG00000020256,3
ENSMUSG00000020169,3
ENSMUSG00000006731,3
ENSMUSG00000110588,3
ENSMUSG00000084808,3
ENSMUSG00000097589,3
ENSMUSG00000056919,3
ENSMUSG00000025161,3
ENSMUSG00000097141,3
ENSMUSG00000052920,3
ENSMUSG00000004896,4
ENSMUSG00000074207,4
ENSMUSG00000029544,4
ENSMUSG00000047735,4
ENSMUSG00000063415,4
ENSMUSG00000030317,4
ENSMUSG00000019850,4
ENSMUSG00000031980,4
ENSMUSG00000032377,4
ENSMUSG00000025145,4
ENSMUSG00000073409,4
ENSMUSG00000052229,4
ENSMUSG00000037035,5
ENSMUSG00000100078,5
ENSMUSG00000027832,5
ENSMUSG00000104802,5
ENSMUSG00000079065,5
ENSMUSG00000097392,5
ENSMUSG00000036718,5
ENSMUSG00000049130,5
ENSMUSG00000101609,5
ENSMUSG00000042138,5
ENSMUSG00000053310,5
ENSMUSG00000020120,5
ENSMUSG00000037243,5
ENSMUSG00000050370,5
ENSMUSG00000034765,5
ENSMUSG00000074733,5
ENSMUSG00000026475,6
ENSMUSG00000026832,6
ENSMUSG00000028360,6
ENSMUSG00000029372,6
ENSMUSG00000106375,6
ENSMUSG00000030159,6
ENSMUSG00000107997,6
ENSMUSG00000055116,6
ENSMUSG00000032261,6
ENSMUSG00000034394,6
ENSMUSG00000034664,6
ENSMUSG00000020689,6
ENSMUSG00000034686,6
ENSMUSG00000090582,6
ENSMUSG00000084416,7
ENSMUSG00000101795,7
ENSMUSG00000082127,7
ENSMUSG00000061272,7
ENSMUSG00000105879,7
ENSMUSG00000106037,7
ENSMUSG00000084274,7
ENSMUSG00000089646,7
ENSMUSG00000072692,7
ENSMUSG00000107176,7
ENSMUSG00000107383,7
ENSMUSG00000074978,7
ENSMUSG00000045799,7
ENSMUSG00000058922,7
ENSMUSG00000083061,7
ENSMUSG00000082481,7
ENSMUSG00000083394,7
ENSMUSG00000025922,7
ENSMUSG00000061848,7
ENSMUSG00000092014,7
ENSMUSG00000091549,7
ENSMUSG00000050447,8
ENSMUSG00000097837,8
ENSMUSG00000073016,8
ENSMUSG00000089945,8
ENSMUSG00000029563,8
ENSMUSG00000085272,8
ENSMUSG00000109279,8
ENSMUSG00000034041,8
ENSMUSG00000049092,8
ENSMUSG00000072294,8
ENSMUSG00000111815,8
ENSMUSG00000086596,8
ENSMUSG00000020474,8
ENSMUSG00000000567,8
ENSMUSG00000056553,8
ENSMUSG00000097221,8
ENSMUSG00000102676,9
ENSMUSG00000015093,9
ENSMUSG00000104465,9
ENSMUSG00000086769,9
ENSMUSG00000046733,9
ENSMUSG00000092500,9
ENSMUSG00000109115,9
ENSMUSG00000111312,9
ENSMUSG00000086645,9
ENSMUSG00000040276,9
ENSMUSG00000102748,9
ENSMUSG00000047330,10
ENSMUSG00000037860,10
ENSMUSG00000027160,10
ENSMUSG00000085028,10
ENSMUSG00000054737,10
ENSMUSG00000097004,10
ENSMUSG00000029798,10
ENSMUSG00000108322,10
ENSMUSG00000044770,10
ENSMUSG00000060470,10
ENSMUSG00000031673,10
ENSMUSG00000032607,10
ENSMUSG00000069763,10
ENSMUSG00000039704,10
ENSMUSG00000023868,10
ENSMUSG00000023912,10
ENSMUSG00000026090,11
ENSMUSG00000048096,11
ENSMUSG00000002109,11
ENSMUSG00000027360,11
ENSMUSG00000059708,11
ENSMUSG00000056071,11
ENSMUSG00000046667,11
ENSMUSG00000059939,11
ENSMUSG00000105442,11
ENSMUSG00000032690,11
ENSMUSG00000085666,11
ENSMUSG00000035595,11
ENSMUSG00000087253,11
ENSMUSG00000073434,11
ENSMUSG00000002289,11
ENSMUSG00000024905,11
ENSMUSG00000026826,12
ENSMUSG00000040289,12
ENSMUSG00000078532,12
ENSMUSG00000029500,12
ENSMUSG00000037344,12
ENSMUSG00000053007,12
ENSMUSG00000057143,12
ENSMUSG00000005413,12
ENSMUSG00000021750,12
ENSMUSG00000091089,12
ENSMUSG00000021952,12
ENSMUSG00000044795,12
ENSMUSG00000050860,12
ENSMUSG00000053113,12
ENSMUSG00000056749,12
ENSMUSG00000009633,13
ENSMUSG00000026655,13
ENSMUSG00000036572,13
ENSMUSG00000028703,13
ENSMUSG00000046223,13
ENSMUSG00000062593,13
ENSMUSG00000037868,13
ENSMUSG00000051067,13
ENSMUSG00000022074,13
ENSMUSG00000033730,13
ENSMUSG00000032425,13
ENSMUSG00000041046,13
ENSMUSG00000044367,13
ENSMUSG00000074874,13
ENSMUSG00000043811,13
ENSMUSG00000090386,13
ENSMUSG00000096768,13
ENSMUSG00000025429,13
ENSMUSG00000009772,14
ENSMUSG00000082536,14
ENSMUSG00000104621,14
ENSMUSG00000081067,14
ENSMUSG00000030762,14
ENSMUSG00000038508,14
ENSMUSG00000014813,14
ENSMUSG00000035373,14
ENSMUSG00000061878,14
ENSMUSG00000096942,14
ENSMUSG00000055980,15
ENSMUSG00000041777,15
ENSMUSG00000092201,15
ENSMUSG00000035967,15
ENSMUSG00000027875,15
ENSMUSG00000054958,15
ENSMUSG00000029022,15
ENSMUSG00000039759,15
ENSMUSG00000097415,15
ENSMUSG00000000031,15
ENSMUSG00000058297,15
ENSMUSG00000041515,15
ENSMUSG00000037112,15
ENSMUSG00000020441,15
ENSMUSG00000040938,15
ENSMUSG00000015396,15
ENSMUSG00000022772,15
ENSMUSG00000102918,15
ENSMUSG00000001750,15
ENSMUSG00000032487,16
ENSMUSG00000039997,16
ENSMUSG00000055897,16
ENSMUSG00000002265,16
ENSMUSG00000012640,16
ENSMUSG00000040624,16
ENSMUSG00000032253,16
ENSMUSG00000001542,16
ENSMUSG00000034271,16
ENSMUSG00000022346,16
ENSMUSG00000043991,16
ENSMUSG00000039529,16
ENSMUSG00000024754,16
ENSMUSG00000059149,17
ENSMUSG00000016458,17
ENSMUSG00000025270,17
ENSMUSG00000006445,17
ENSMUSG00000029298,17
ENSMUSG00000053964,17
ENSMUSG00000020091,17
ENSMUSG00000020205,17
ENSMUSG00000025408,17
ENSMUSG00000021411,17
ENSMUSG00000041773,17
ENSMUSG00000084883,17
ENSMUSG00000051439,17
ENSMUSG00000102869,18
ENSMUSG00000054659,18
ENSMUSG00000001333,18
ENSMUSG00000097815,18
ENSMUSG00000078816,18
ENSMUSG00000045875,18
ENSMUSG00000044037,18
ENSMUSG00000061086,18
ENSMUSG00000022383,18
ENSMUSG00000005580,18
ENSMUSG00000024222,18
ENSMUSG00000064344,18
ENSMUSG00000026110,19
ENSMUSG00000087006,19
ENSMUSG00000028214,19
ENSMUSG00000028680,19
ENSMUSG00000028862,19
ENSMUSG00000079523,19
ENSMUSG00000060477,19
ENSMUSG00000030878,19
ENSMUSG00000015312,19
ENSMUSG00000076281,19
ENSMUSG00000032265,19
ENSMUSG00000049892,19
ENSMUSG00000035385,19
ENSMUSG00000088609,19
ENSMUSG00000034675,19
ENSMUSG00000035356,19
ENSMUSG00000027238,20
ENSMUSG00000028328,20
ENSMUSG00000028967,20
ENSMUSG00000018143,20
ENSMUSG00000090698,20
ENSMUSG00000019970,20
ENSMUSG00000020893,20
ENSMUSG00000018476,20
ENSMUSG00000022893,20
ENSMUSG00000022951,20
ENSMUSG00000054640,20
ENSMUSG00000025006,20
ENSMUSG00000024978,20
ENSMUSG00000020423,21
ENSMUSG00000040152,21
ENSMUSG00000037411,21
ENSMUSG00000019577,21
ENSMUSG00000038587,21
ENSMUSG00000019787,21
ENSMUSG00000020044,21
ENSMUSG00000052837,21
ENSMUSG00000031972,21
ENSMUSG00000079243,21
ENSMUSG00000035202,21
ENSMUSG00000021313,21
ENSMUSG00000044951,21
ENSMUSG00000023034,21
ENSMUSG00000076258,21
ENSMUSG00000024042,21
ENSMUSG00000038418,21
ENSMUSG00000099470,22
ENSMUSG00000083391,22
ENSMUSG00000083619,22
ENSMUSG00000104851,22
ENSMUSG00000042985,22
ENSMUSG00000090795,22
ENSMUSG00000110079,22
ENSMUSG00000059835,22
ENSMUSG00000090500,22
ENSMUSG00000095193,22
ENSMUSG00000099703,22
ENSMUSG00000100120,23
ENSMUSG00000061852,23
ENSMUSG00000102055,23
ENSMUSG00000087106,23
ENSMUSG00000080968,23
ENSMUSG00000103204,23
ENSMUSG00000048485,23
ENSMUSG00000086949,23
ENSMUSG00000106691,23
ENSMUSG00000097464,23
ENSMUSG00000092625,23
ENSMUSG00000103931,23
ENSMUSG00000081873,23
ENSMUSG00000111526,23
ENSMUSG00000110409,23
ENSMUSG00000110457,23
ENSMUSG00000039438,23
ENSMUSG00000057818,23
ENSMUSG00000097567,23
ENSMUSG00000043415,24
ENSMUSG00000092397,24
ENSMUSG00000056501,24
ENSMUSG00000045092,24
ENSMUSG00000028341,24
ENSMUSG00000029135,24
ENSMUSG00000030103,24
ENSMUSG00000044786,24
ENSMUSG00000020108,24
ENSMUSG00000035621,24
ENSMUSG00000020023,24
ENSMUSG00000038894,24
ENSMUSG00000034911,24
ENSMUSG00000031799,24
ENSMUSG00000053560,24
ENSMUSG00000031785,24
ENSMUSG00000021823,24
ENSMUSG00000097652,24
ENSMUSG00000020889,24
ENSMUSG00000074794,24
ENSMUSG00000010608,24
ENSMUSG00000021250,24
ENSMUSG00000042895,24
ENSMUSG00000041378,24
ENSMUSG00000026670,25
ENSMUSG00000027397,25
ENSMUSG00000062127,25
ENSMUSG00000041313,25
ENSMUSG00000061436,25
ENSMUSG00000003545,25
ENSMUSG00000090958,25
ENSMUSG00000032860,25
ENSMUSG00000033624,25
ENSMUSG00000022018,25
ENSMUSG00000050721,25
ENSMUSG00000020863,25
ENSMUSG00000051335,25
ENSMUSG00000022797,25
ENSMUSG00000039220,25
ENSMUSG00000024427,25
ENSMUSG00000026034,26
ENSMUSG00000026628,26
ENSMUSG00000032942,26
ENSMUSG00000051495,26
ENSMUSG00000032578,26
ENSMUSG00000032515,26
ENSMUSG00000042622,26
ENSMUSG00000023067,26
ENSMUSG00000097971,26
ENSMUSG00000026121,27
ENSMUSG00000033124,27
ENSMUSG00000017418,27
ENSMUSG00000026819,27
ENSMUSG00000017009,27
ENSMUSG00000030089,27
ENSMUSG00000074221,27
ENSMUSG00000031762,27
ENSMUSG00000066687,27
ENSMUSG00000034684,27
ENSMUSG00000001027,27
ENSMUSG00000032501,27
ENSMUSG00000022602,27
ENSMUSG00000022500,27
ENSMUSG00000037447,28
ENSMUSG00000050592,28
ENSMUSG00000023087,28
ENSMUSG00000100801,28
ENSMUSG00000039899,28
ENSMUSG00000029380,28
ENSMUSG00000030022,28
ENSMUSG00000056234,28
ENSMUSG00000022096,28
ENSMUSG00000022122,28
ENSMUSG00000020363,28
ENSMUSG00000001983,28
ENSMUSG00000021495,28
ENSMUSG00000044258,28
ENSMUSG00000057880,28
ENSMUSG00000071637,28
ENSMUSG00000024299,28
ENSMUSG00000034647,28
ENSMUSG00000024561,28
ENSMUSG00000058603,29
ENSMUSG00000001131,29
ENSMUSG00000057036,29
ENSMUSG00000109539,29
ENSMUSG00000109005,29
ENSMUSG00000042812,29
ENSMUSG00000105962,29
ENSMUSG00000058755,29
ENSMUSG00000086591,29
ENSMUSG00000065126,29
ENSMUSG00000058258,29
ENSMUSG00000086743,29
ENSMUSG00000043483,29
ENSMUSG00000051486,29
ENSMUSG00000064281,30
ENSMUSG00000094122,30
ENSMUSG00000085791,30
ENSMUSG00000083311,30
ENSMUSG00000027996,30
ENSMUSG00000096544,30
ENSMUSG00000105388,30
ENSMUSG00000080932,30
ENSMUSG00000083121,30
ENSMUSG00000060019,30
ENSMUSG00000078965,30
ENSMUSG00000082171,30
ENSMUSG00000059751,30
ENSMUSG00000076137,30
ENSMUSG00000089764,30
ENSMUSG00000091697,30
ENSMUSG00000082107,30
ENSMUSG00000053475,31
ENSMUSG00000075014,31
ENSMUSG00000056054,31
ENSMUSG00000028671,31
ENSMUSG00000074158,31
ENSMUSG00000035713,31
ENSMUSG00000019890,31
ENSMUSG00000074194,31
ENSMUSG00000031722,31
ENSMUSG00000065037,31
ENSMUSG00000035711,31
ENSMUSG00000048004,31
ENSMUSG00000062760,31
ENSMUSG00000090673,31
ENSMUSG00000026358,32
ENSMUSG00000032715,32
ENSMUSG00000027513,32
ENSMUSG00000068745,32
ENSMUSG00000050931,32
ENSMUSG00000110424,32
ENSMUSG00000025479,32
ENSMUSG00000003227,32
ENSMUSG00000090778,32
ENSMUSG00000049532,32
ENSMUSG00000078153,32
ENSMUSG00000103789,32
ENSMUSG00000021678,32
ENSMUSG00000025450,32
ENSMUSG00000073422,32
ENSMUSG00000091971,32
ENSMUSG00000090399,33
ENSMUSG00000079497,33
ENSMUSG00000101860,33
ENSMUSG00000028463,33
ENSMUSG00000028364,33
ENSMUSG00000105112,33
ENSMUSG00000072770,33
ENSMUSG00000051515,33
ENSMUSG00000055323,33
ENSMUSG00000111767,33
ENSMUSG00000032691,33
ENSMUSG00000002997,33
ENSMUSG00000052673,33
ENSMUSG00000022510,33
ENSMUSG00000024186,33
ENSMUSG00000101599,34
ENSMUSG00000102856,34
ENSMUSG00000104394,34
ENSMUSG00000086430,34
ENSMUSG00000075391,34
ENSMUSG00000081344,34
ENSMUSG00000084846,34
ENSMUSG00000028438,34
ENSMUSG00000029720,34
ENSMUSG00000108332,34
ENSMUSG00000109419,34
ENSMUSG00000013155,34
ENSMUSG00000020431,34
ENSMUSG00000019102,34
ENSMUSG00000047497,34
ENSMUSG00000022621,34
ENSMUSG00000052188,34
ENSMUSG00000086370,35
ENSMUSG00000104871,35
ENSMUSG00000069682,35
ENSMUSG00000089855,35
ENSMUSG00000109697,35
ENSMUSG00000091509,35
ENSMUSG00000050621,35
ENSMUSG00000080848,35
ENSMUSG00000061330,35
ENSMUSG00000044712,35
ENSMUSG00000102562,35
ENSMUSG00000002617,35
ENSMUSG00000006403,36
ENSMUSG00000005233,36
ENSMUSG00000033268,36
ENSMUSG00000027368,36
ENSMUSG00000106073,36
ENSMUSG00000028689,36
ENSMUSG00000025746,36
ENSMUSG00000105762,36
ENSMUSG00000072647,36
ENSMUSG00000105434,36
ENSMUSG00000087502,36
ENSMUSG00000018500,36
ENSMUSG00000085609,36
ENSMUSG00000047798,36
ENSMUSG00000085336,36
ENSMUSG00000021070,36
ENSMUSG00000022622,36
ENSMUSG00000090291,36
ENSMUSG00000099624,37
ENSMUSG00000100658,37
ENSMUSG00000102805,37
ENSMUSG00000104737,37
ENSMUSG00000090053,37
ENSMUSG00000097145,37
ENSMUSG00000087541,37
ENSMUSG00000025889,37
ENSMUSG00000109998,37
ENSMUSG00000110060,37
ENSMUSG00000043366,37
ENSMUSG00000038994,37
ENSMUSG00000038692,37
ENSMUSG00000020961,37
ENSMUSG00000022518,37
ENSMUSG00000024388,37
ENSMUSG00000043015,38
ENSMUSG00000040485,38
ENSMUSG00000103983,38
ENSMUSG00000027398,38
ENSMUSG00000033777,38
ENSMUSG00000036334,38
ENSMUSG00000028125,38
ENSMUSG00000028488,38
ENSMUSG00000070691,38
ENSMUSG00000007207,38
ENSMUSG00000055978,38
ENSMUSG00000108494,38
ENSMUSG00000031970,38
ENSMUSG00000089704,38
ENSMUSG00000022199,38
ENSMUSG00000111390,38
ENSMUSG00000097242,38
ENSMUSG00000060716,38
ENSMUSG00000048856,38
ENSMUSG00000083674,39
ENSMUSG00000073125,39
ENSMUSG00000042388,39
ENSMUSG00000110275,39
ENSMUSG00000025395,39
ENSMUSG00000071078,39
ENSMUSG00000022070,39
ENSMUSG00000061718,39
ENSMUSG00000058290,39
ENSMUSG00000022947,39
ENSMUSG00000024136,39
ENSMUSG00000036322,39
ENSMUSG00000003279,39
ENSMUSG00000084839,40
ENSMUSG00000037259,40
ENSMUSG00000085741,40
ENSMUSG00000090210,40
ENSMUSG00000105677,40
ENSMUSG00000037922,40
ENSMUSG00000034035,40
ENSMUSG00000086291,40
ENSMUSG00000074282,40
ENSMUSG00000078787,40
ENSMUSG00000078768,40
ENSMUSG00000036882,40
ENSMUSG00000109498,40
ENSMUSG00000025507,40
ENSMUSG00000086773,40
ENSMUSG00000097472,40
ENSMUSG00000044461,40
ENSMUSG00000032344,40
ENSMUSG00000051606,40
ENSMUSG00000047227,40
ENSMUSG00000094910,40
ENSMUSG00000075122,40
ENSMUSG00000049929,41
ENSMUSG00000047757,41
ENSMUSG00000105572,41
ENSMUSG00000092118,41
ENSMUSG00000098132,41
ENSMUSG00000085282,41
ENSMUSG00000093979,41
ENSMUSG00000090626,41
ENSMUSG00000083022,41
ENSMUSG00000069899,41
ENSMUSG00000081769,41
ENSMUSG00000083899,41
ENSMUSG00000018012,41
ENSMUSG00000022676,41
ENSMUSG00000026581,42
ENSMUSG00000031397,42
ENSMUSG00000085715,42
ENSMUSG00000086503,42
ENSMUSG00000041020,42
ENSMUSG00000070343,42
ENSMUSG00000040473,42
ENSMUSG00000106547,42
ENSMUSG00000030144,42
ENSMUSG00000104392,42
ENSMUSG00000020399,42
ENSMUSG00000024579,42
ENSMUSG00000025001,42
ENSMUSG00000103670,43
ENSMUSG00000079164,43
ENSMUSG00000084946,43
ENSMUSG00000084797,43
ENSMUSG00000087684,43
ENSMUSG00000065460,43
ENSMUSG00000031376,43
ENSMUSG00000105568,43
ENSMUSG00000056494,43
ENSMUSG00000029032,43
ENSMUSG00000107624,43
ENSMUSG00000047976,43
ENSMUSG00000109108,43
ENSMUSG00000110062,43
ENSMUSG00000085211,43
ENSMUSG00000070084,43
ENSMUSG00000022219,43
ENSMUSG00000052143,43
ENSMUSG00000105140,43
ENSMUSG00000110676,43
ENSMUSG00000039691,43
ENSMUSG00000021298,43
ENSMUSG00000023052,43
ENSMUSG00000097090,43
ENSMUSG00000026536,44
ENSMUSG00000073485,44
ENSMUSG00000084904,44
ENSMUSG00000051517,44
ENSMUSG00000105895,44
ENSMUSG00000085412,44
ENSMUSG00000087658,44
ENSMUSG00000036931,44
ENSMUSG00000035095,44
ENSMUSG00000082286,44
ENSMUSG00000022367,44
ENSMUSG00000022651,44
ENSMUSG00000103046,45
ENSMUSG00000097403,45
ENSMUSG00000029283,45
ENSMUSG00000080935,45
ENSMUSG00000097660,45
ENSMUSG00000019775,45
ENSMUSG00000110669,45
ENSMUSG00000086914,45
ENSMUSG00000085088,45
ENSMUSG00000078139,45
ENSMUSG00000086786,45
ENSMUSG00000042564,45
ENSMUSG00000023036,45
ENSMUSG00000098651,46
ENSMUSG00000075012,46
ENSMUSG00000074987,46
ENSMUSG00000101859,46
ENSMUSG00000074912,46
ENSMUSG00000027318,46
ENSMUSG00000031340,46
ENSMUSG00000085403,46
ENSMUSG00000085269,46
ENSMUSG00000029605,46
ENSMUSG00000105970,46
ENSMUSG00000048216,46
ENSMUSG00000085105,46
ENSMUSG00000102062,46
ENSMUSG00000087480,46
ENSMUSG00000060924,46
ENSMUSG00000074171,46
ENSMUSG00000065147,46
ENSMUSG00000079012,46
ENSMUSG00000097536,46
ENSMUSG00000073433,46
ENSMUSG00000054745,46
ENSMUSG00000051242,46
ENSMUSG00000085289,46
ENSMUSG00000042510,47
ENSMUSG00000073478,47
ENSMUSG00000081137,47
ENSMUSG00000089988,47
ENSMUSG00000028794,47
ENSMUSG00000096351,47
ENSMUSG00000105987,47
ENSMUSG00000097863,47
ENSMUSG00000104682,47
ENSMUSG00000030054,47
ENSMUSG00000048636,47
ENSMUSG00000030031,47
ENSMUSG00000030708,47
ENSMUSG00000020140,47
ENSMUSG00000000982,47
ENSMUSG00000091269,47
ENSMUSG00000054204,47
ENSMUSG00000056656,47
ENSMUSG00000050761,47
ENSMUSG00000003665,47
ENSMUSG00000045498,47
ENSMUSG00000097330,47
ENSMUSG00000081992,48
ENSMUSG00000080796,48
ENSMUSG00000103423,48
ENSMUSG00000093885,48
ENSMUSG00000090602,48
ENSMUSG00000087239,48
ENSMUSG00000063129,48
ENSMUSG00000081453,48
ENSMUSG00000103649,49
ENSMUSG00000075276,49
ENSMUSG00000081400,49
ENSMUSG00000082480,49
ENSMUSG00000082109,49
ENSMUSG00000081892,49
ENSMUSG00000048621,49
ENSMUSG00000100755,49
ENSMUSG00000027833,49
ENSMUSG00000004892,49
ENSMUSG00000074340,49
ENSMUSG00000070858,49
ENSMUSG00000068262,49
ENSMUSG00000055093,49
ENSMUSG00000111875,49
ENSMUSG00000057657,49
ENSMUSG00000063875,49
ENSMUSG00000099492,50
ENSMUSG00000084817,50
ENSMUSG00000100182,50
ENSMUSG00000026357,50
ENSMUSG00000026579,50
ENSMUSG00000081999,50
ENSMUSG00000016255,50
ENSMUSG00000084131,50
ENSMUSG00000036353,50
ENSMUSG00000028860,50
ENSMUSG00000082705,50
ENSMUSG00000109401,50
ENSMUSG00000097889,50
ENSMUSG00000053038,50
ENSMUSG00000111613,50
ENSMUSG00000097946,50
ENSMUSG00000084145,50
ENSMUSG00000017499,50
ENSMUSG00000043501,50
ENSMUSG00000039209,50
ENSMUSG00000058064,50
ENSMUSG00000103818,51
ENSMUSG00000037708,51
ENSMUSG00000081487,51
ENSMUSG00000082651,51
ENSMUSG00000083538,51
ENSMUSG00000106369,51
ENSMUSG00000105071,51
ENSMUSG00000085382,51
ENSMUSG00000081378,51
ENSMUSG00000087135,51
ENSMUSG00000103674,51
ENSMUSG00000065530,51
ENSMUSG00000056055,52
ENSMUSG00000010311,52
ENSMUSG00000104293,52
ENSMUSG00000103867,52
ENSMUSG00000085001,52
ENSMUSG00000064927,52
ENSMUSG00000092526,52
ENSMUSG00000101636,52
ENSMUSG00000097082,52
ENSMUSG00000087912,52
ENSMUSG00000022033,52
ENSMUSG00000111212,52
ENSMUSG00000085415,52
ENSMUSG00000104402,53
ENSMUSG00000107529,53
ENSMUSG00000047965,53
ENSMUSG00000085252,53
ENSMUSG00000080860,53
ENSMUSG00000083397,53
ENSMUSG00000083283,53
ENSMUSG00000104724,53
ENSMUSG00000106717,53
ENSMUSG00000107168,53
ENSMUSG00000105431,53
ENSMUSG00000029368,53
ENSMUSG00000106840,53
ENSMUSG00000085194,53
ENSMUSG00000109751,53
ENSMUSG00000106683,53
ENSMUSG00000097380,53
ENSMUSG00000097136,53
ENSMUSG00000086468,53
ENSMUSG00000051378,53
ENSMUSG00000093508,53
ENSMUSG00000102719,54
ENSMUSG00000103756,54
ENSMUSG00000016526,54
ENSMUSG00000015619,54
ENSMUSG00000027985,54
ENSMUSG00000105748,54
ENSMUSG00000081210,54
ENSMUSG00000048003,54
ENSMUSG00000096936,54
ENSMUSG00000108068,54
ENSMUSG00000107937,54
ENSMUSG00000108678,54
ENSMUSG00000109555,54
ENSMUSG00000107531,54
ENSMUSG00000097263,54
ENSMUSG00000031775,54
ENSMUSG00000097424,54
ENSMUSG00000079677,54
ENSMUSG00000103621,54
ENSMUSG00000078141,54
ENSMUSG00000087526,54
ENSMUSG00000097103,54
ENSMUSG00000005681,55
ENSMUSG00000092353,55
ENSMUSG00000088302,55
ENSMUSG00000081730,55
ENSMUSG00000104721,55
ENSMUSG00000106443,55
ENSMUSG00000105969,55
ENSMUSG00000070891,55
ENSMUSG00000106732,55
ENSMUSG00000106772,55
ENSMUSG00000106706,55
ENSMUSG00000104576,55
ENSMUSG00000033508,55
ENSMUSG00000108171,55
ENSMUSG00000110282,55
ENSMUSG00000109580,55
ENSMUSG00000102153,55
ENSMUSG00000093668,55
ENSMUSG00000046856,56
ENSMUSG00000016529,56
ENSMUSG00000078122,56
ENSMUSG00000040264,56
ENSMUSG00000105156,56
ENSMUSG00000104709,56
ENSMUSG00000106749,56
ENSMUSG00000106751,56
ENSMUSG00000105542,56
ENSMUSG00000106676,56
ENSMUSG00000108004,56
ENSMUSG00000104420,56
ENSMUSG00000108920,56
ENSMUSG00000084399,56
ENSMUSG00000087163,56
ENSMUSG00000109789,56
ENSMUSG00000092358,56
ENSMUSG00000038379,56
ENSMUSG00000084411,56
ENSMUSG00000092540,56
ENSMUSG00000085229,56
ENSMUSG00000021319,56
ENSMUSG00000085595,56
ENSMUSG00000098293,56
ENSMUSG00000102319,57
ENSMUSG00000089877,57
ENSMUSG00000104476,57
ENSMUSG00000103808,57
ENSMUSG00000075312,57
ENSMUSG00000081583,57
ENSMUSG00000106063,57
ENSMUSG00000086961,57
ENSMUSG00000104852,57
ENSMUSG00000107362,57
ENSMUSG00000105033,57
ENSMUSG00000105985,57
ENSMUSG00000081564,57
ENSMUSG00000061702,57
ENSMUSG00000109882,57
ENSMUSG00000111361,57
ENSMUSG00000111249,57
ENSMUSG00000110928,57
ENSMUSG00000100176,57
ENSMUSG00000106208,57
ENSMUSG00000085078,57
ENSMUSG00000021359,57
ENSMUSG00000018126,57
ENSMUSG00000097507,57
ENSMUSG00000067879,58
ENSMUSG00000103085,58
ENSMUSG00000103961,58
ENSMUSG00000106528,58
ENSMUSG00000098006,58
ENSMUSG00000091313,58
ENSMUSG00000108238,58
ENSMUSG00000109807,58
ENSMUSG00000110378,58
ENSMUSG00000097903,58
ENSMUSG00000086399,58
ENSMUSG00000085192,58
ENSMUSG00000050107,58
ENSMUSG00000097176,58
ENSMUSG00000085072,58
ENSMUSG00000097838,58
ENSMUSG00000090329,58
ENSMUSG00000103916,58
ENSMUSG00000104159,58
ENSMUSG00000097707,58
ENSMUSG00000103711,59
ENSMUSG00000079039,59
ENSMUSG00000096056,59
ENSMUSG00000104336,59
ENSMUSG00000097158,59
ENSMUSG00000029005,59
ENSMUSG00000105282,59
ENSMUSG00000092183,59
ENSMUSG00000056735,59
ENSMUSG00000097246,59
ENSMUSG00000108954,59
ENSMUSG00000110558,59
ENSMUSG00000056155,59
ENSMUSG00000099051,59
ENSMUSG00000104383,59
ENSMUSG00000111434,59
ENSMUSG00000020897,59
ENSMUSG00000019301,59
ENSMUSG00000053181,59
ENSMUSG00000049148,59
ENSMUSG00000103932,59
ENSMUSG00000101059,59
ENSMUSG00000026683,60
ENSMUSG00000104097,60
ENSMUSG00000044916,60
ENSMUSG00000027326,60
ENSMUSG00000083483,60
ENSMUSG00000083502,60
ENSMUSG00000080825,60
ENSMUSG00000105378,60
ENSMUSG00000105519,60
ENSMUSG00000106291,60
ENSMUSG00000107319,60
ENSMUSG00000035364,60
ENSMUSG00000086873,60
ENSMUSG00000092323,60
ENSMUSG00000108486,60
ENSMUSG00000058589,60
ENSMUSG00000037725,60
ENSMUSG00000110325,60
ENSMUSG00000080966,60
ENSMUSG00000097703,60
ENSMUSG00000096947,60
ENSMUSG00000096592,60
ENSMUSG00000080718,61
ENSMUSG00000082693,61
ENSMUSG00000102550,61
ENSMUSG00000027939,61
ENSMUSG00000049649,61
ENSMUSG00000095159,61
ENSMUSG00000087314,61
ENSMUSG00000056531,61
ENSMUSG00000044609,61
ENSMUSG00000062235,61
ENSMUSG00000110159,61
ENSMUSG00000111318,61
ENSMUSG00000054758,61
ENSMUSG00000063556,61
ENSMUSG00000082078,61
ENSMUSG00000097051,61
ENSMUSG00000025380,61
ENSMUSG00000047953,61
ENSMUSG00000103851,61
ENSMUSG00000092438,61
ENSMUSG00000034028,61
ENSMUSG00000067608,61
ENSMUSG00000081648,62
ENSMUSG00000074529,62
ENSMUSG00000081657,62
ENSMUSG00000084345,62
ENSMUSG00000080902,62
ENSMUSG00000028678,62
ENSMUSG00000006389,62
ENSMUSG00000054304,62
ENSMUSG00000103959,62
ENSMUSG00000106243,62
ENSMUSG00000078810,62
ENSMUSG00000070425,62
ENSMUSG00000097574,62
ENSMUSG00000100701,63
ENSMUSG00000104524,63
ENSMUSG00000103693,63
ENSMUSG00000104212,63
ENSMUSG00000028716,63
ENSMUSG00000039546,63
ENSMUSG00000108694,63
ENSMUSG00000109045,63
ENSMUSG00000104876,63
ENSMUSG00000081520,63
ENSMUSG00000069804,63
ENSMUSG00000063704,63
ENSMUSG00000058567,63
ENSMUSG00000103973,64
ENSMUSG00000085201,64
ENSMUSG00000058620,64
ENSMUSG00000074629,64
ENSMUSG00000104795,64
ENSMUSG00000105355,64
ENSMUSG00000036832,64
ENSMUSG00000048520,64
ENSMUSG00000074355,64
ENSMUSG00000108447,64
ENSMUSG00000097974,64
ENSMUSG00000072244,64
ENSMUSG00000019936,64
ENSMUSG00000097633,64
ENSMUSG00000018570,64
ENSMUSG00000000632,64
ENSMUSG00000025386,64
ENSMUSG00000101828,64
ENSMUSG00000073435,64
ENSMUSG00000091831,64
ENSMUSG00000102827,64
ENSMUSG00000099913,65
ENSMUSG00000082769,65
ENSMUSG00000101174,65
ENSMUSG00000079051,65
ENSMUSG00000080942,65
ENSMUSG00000105342,65
ENSMUSG00000104973,65
ENSMUSG00000050493,65
ENSMUSG00000086916,65
ENSMUSG00000107296,65
ENSMUSG00000107835,65
ENSMUSG00000110010,65
ENSMUSG00000060034,65
ENSMUSG00000109787,65
ENSMUSG00000097601,65
ENSMUSG00000085784,65
ENSMUSG00000091191,65
ENSMUSG00000021569,65
ENSMUSG00000099267,65
ENSMUSG00000055202,65
ENSMUSG00000073598,65
ENSMUSG00000073555,65
ENSMUSG00000085894,66
ENSMUSG00000102649,66
ENSMUSG00000101168,66
ENSMUSG00000077192,66
ENSMUSG00000062170,66
ENSMUSG00000101641,66
ENSMUSG00000055216,66
ENSMUSG00000028441,66
ENSMUSG00000107227,66
ENSMUSG00000085771,66
ENSMUSG00000098230,66
ENSMUSG00000106636,66
ENSMUSG00000107653,66
ENSMUSG00000059900,66
ENSMUSG00000084519,66
ENSMUSG00000110146,66
ENSMUSG00000109873,66
ENSMUSG00000110690,66
ENSMUSG00000096793,66
ENSMUSG00000080928,66
ENSMUSG00000022824,66
ENSMUSG00000073400,66
ENSMUSG00000071862,66
ENSMUSG00000081441,67
ENSMUSG00000102704,67
ENSMUSG00000055494,67
ENSMUSG00000079627,67
ENSMUSG00000102460,67
ENSMUSG00000104339,67
ENSMUSG00000028011,67
ENSMUSG00000105774,67
ENSMUSG00000105939,67
ENSMUSG00000028457,67
ENSMUSG00000110105,67
ENSMUSG00000035262,67
ENSMUSG00000032268,67
ENSMUSG00000104244,67
ENSMUSG00000018907,67
ENSMUSG00000041431,67
ENSMUSG00000097055,67
ENSMUSG00000080783,67
ENSMUSG00000005763,68
ENSMUSG00000082895,68
ENSMUSG00000081975,68
ENSMUSG00000052912,68
ENSMUSG00000080059,68
ENSMUSG00000105814,68
ENSMUSG00000109429,68
ENSMUSG00000091825,68
ENSMUSG00000047880,68
ENSMUSG00000000869,68
ENSMUSG00000078377,68
ENSMUSG00000093579,68
ENSMUSG00000087141,68
ENSMUSG00000100090,68
ENSMUSG00000049357,68
ENSMUSG00000063586,68
ENSMUSG00000103839,69
ENSMUSG00000103367,69
ENSMUSG00000083166,69
ENSMUSG00000015702,69
ENSMUSG00000045327,69
ENSMUSG00000085180,69
ENSMUSG00000084260,69
ENSMUSG00000106575,69
ENSMUSG00000106826,69
ENSMUSG00000109509,69
ENSMUSG00000109799,69
ENSMUSG00000066175,69
ENSMUSG00000056888,69
ENSMUSG00000039878,69
ENSMUSG00000090007,69
ENSMUSG00000110545,69
ENSMUSG00000071041,69
ENSMUSG00000080763,69
ENSMUSG00000034156,69
ENSMUSG00000084792,69
ENSMUSG00000095677,69
ENSMUSG00000024155,69
ENSMUSG00000071068,69
ENSMUSG00000090273,69
ENSMUSG00000082307,70
ENSMUSG00000084113,70
ENSMUSG00000082905,70
ENSMUSG00000083573,70
ENSMUSG00000039617,70
ENSMUSG00000069011,70
ENSMUSG00000060438,70
ENSMUSG00000066116,70
ENSMUSG00000082061,70
ENSMUSG00000047905,70
ENSMUSG00000107951,70
ENSMUSG00000107462,70
ENSMUSG00000090460,70
ENSMUSG00000085573,70
ENSMUSG00000110057,70
ENSMUSG00000082793,70
ENSMUSG00000098915,70
ENSMUSG00000080904,70
ENSMUSG00000081924,70
ENSMUSG00000018930,70
ENSMUSG00000067869,70
ENSMUSG00000089883,70
ENSMUSG00000092563,71
ENSMUSG00000100561,71
ENSMUSG00000084328,71
ENSMUSG00000054582,71
ENSMUSG00000081603,71
ENSMUSG00000083367,71
ENSMUSG00000082896,71
ENSMUSG00000080875,71
ENSMUSG00000105622,71
ENSMUSG00000081865,71
ENSMUSG00000104720,71
ENSMUSG00000081113,71
ENSMUSG00000083434,71
ENSMUSG00000019982,71
ENSMUSG00000098544,71
ENSMUSG00000080021,71
ENSMUSG00000062380,71
ENSMUSG00000043613,71
ENSMUSG00000036768,71
ENSMUSG00000084183,71
ENSMUSG00000091419,71
ENSMUSG00000073640,71
ENSMUSG00000096699,71
ENSMUSG00000051998,72
ENSMUSG00000017002,72
ENSMUSG00000080772,72
ENSMUSG00000101493,72
ENSMUSG00000086697,72
ENSMUSG00000105637,72
ENSMUSG00000045725,72
ENSMUSG00000071237,72
ENSMUSG00000108833,72
ENSMUSG00000108551,72
ENSMUSG00000036923,72
ENSMUSG00000048922,72
ENSMUSG00000090136,72
ENSMUSG00000025646,72
ENSMUSG00000036123,72
ENSMUSG00000085442,72
ENSMUSG00000022876,72
ENSMUSG00000102854,72
ENSMUSG00000102559,73
ENSMUSG00000099835,73
ENSMUSG00000098024,73
ENSMUSG00000100813,73
ENSMUSG00000104951,73
ENSMUSG00000029414,73
ENSMUSG00000030000,73
ENSMUSG00000034648,73
ENSMUSG00000107792,73
ENSMUSG00000040121,73
ENSMUSG00000108732,73
ENSMUSG00000000730,73
ENSMUSG00000035773,73
ENSMUSG00000020061,73
ENSMUSG00000079038,73
ENSMUSG00000070291,73
ENSMUSG00000089827,73
ENSMUSG00000068141,73
ENSMUSG00000094638,74
ENSMUSG00000086825,74
ENSMUSG00000026692,74
ENSMUSG00000040084,74
ENSMUSG00000027560,74
ENSMUSG00000050921,74
ENSMUSG00000028351,74
ENSMUSG00000105366,74
ENSMUSG00000037108,74
ENSMUSG00000072940,74
ENSMUSG00000108923,74
ENSMUSG00000063594,74
ENSMUSG00000109157,74
ENSMUSG00000009246,74
ENSMUSG00000090516,74
ENSMUSG00000035352,74
ENSMUSG00000024245,74
ENSMUSG00000103364,75
ENSMUSG00000102531,75
ENSMUSG00000100033,75
ENSMUSG00000102776,75
ENSMUSG00000105201,75
ENSMUSG00000084235,75
ENSMUSG00000075569,75
ENSMUSG00000006649,75
ENSMUSG00000030510,75
ENSMUSG00000111868,75
ENSMUSG00000096991,75
ENSMUSG00000083792,75
ENSMUSG00000072066,75
ENSMUSG00000024268,75
ENSMUSG00000063681,76
ENSMUSG00000040522,76
ENSMUSG00000097583,76
ENSMUSG00000105552,76
ENSMUSG00000028654,76
ENSMUSG00000004415,76
ENSMUSG00000106750,76
ENSMUSG00000106777,76
ENSMUSG00000049939,76
ENSMUSG00000107608,76
ENSMUSG00000096553,76
ENSMUSG00000110433,76
ENSMUSG00000087026,76
ENSMUSG00000079396,76
ENSMUSG00000070282,76
ENSMUSG00000074715,76
ENSMUSG00000092470,76
ENSMUSG00000101556,76
ENSMUSG00000035868,76
ENSMUSG00000103976,77
ENSMUSG00000026580,77
ENSMUSG00000027525,77
ENSMUSG00000060445,77
ENSMUSG00000088185,77
ENSMUSG00000053178,77
ENSMUSG00000043614,77
ENSMUSG00000085227,77
ENSMUSG00000079462,77
ENSMUSG00000108035,77
ENSMUSG00000081926,77
ENSMUSG00000034997,77
ENSMUSG00000034773,77
ENSMUSG00000068227,77
ENSMUSG00000087556,77
ENSMUSG00000092284,77
ENSMUSG00000023984,77
ENSMUSG00000024936,77
ENSMUSG00000081382,78
ENSMUSG00000084781,78
ENSMUSG00000087151,78
ENSMUSG00000081123,78
ENSMUSG00000081209,78
ENSMUSG00000105655,78
ENSMUSG00000056025,78
ENSMUSG00000092354,78
ENSMUSG00000038236,78
ENSMUSG00000108737,78
ENSMUSG00000100005,78
ENSMUSG00000025461,78
ENSMUSG00000097692,78
ENSMUSG00000036151,78
ENSMUSG00000110697,78
ENSMUSG00000053128,78
ENSMUSG00000032246,78
ENSMUSG00000096458,78
ENSMUSG00000040490,78
ENSMUSG00000068606,78
ENSMUSG00000104002,79
ENSMUSG00000087263,79
ENSMUSG00000085527,79
ENSMUSG00000039252,79
ENSMUSG00000106617,79
ENSMUSG00000030048,79
ENSMUSG00000089886,79
ENSMUSG00000087672,79
ENSMUSG00000050663,79
ENSMUSG00000062991,79
ENSMUSG00000110683,79
ENSMUSG00000048534,79
ENSMUSG00000104263,79
ENSMUSG00000009185,79
ENSMUSG00000052125,79
ENSMUSG00000097417,79
ENSMUSG00000090185,79
ENSMUSG00000074570,80
ENSMUSG00000097252,80
ENSMUSG00000087411,80
ENSMUSG00000046607,80
ENSMUSG00000054161,80
ENSMUSG00000030672,80
ENSMUSG00000054618,80
ENSMUSG00000044551,80
ENSMUSG00000103710,80
ENSMUSG00000093080,80
ENSMUSG00000091183,80
ENSMUSG00000030446,80
ENSMUSG00000022479,80
ENSMUSG00000083827,80
ENSMUSG00000085337,80
ENSMUSG00000094281,80
ENSMUSG00000102982,81
ENSMUSG00000100213,81
ENSMUSG00000055926,81
ENSMUSG00000027469,81
ENSMUSG00000049230,81
ENSMUSG00000102570,81
ENSMUSG00000108366,81
ENSMUSG00000030600,81
ENSMUSG00000036578,81
ENSMUSG00000108633,81
ENSMUSG00000109243,81
ENSMUSG00000079391,81
ENSMUSG00000032092,81
ENSMUSG00000103164,81
ENSMUSG00000083705,81
ENSMUSG00000110393,81
ENSMUSG00000071203,81
ENSMUSG00000091050,81
ENSMUSG00000086837,81
ENSMUSG00000098090,81
ENSMUSG00000096926,81
ENSMUSG00000090272,82
ENSMUSG00000060336,82
ENSMUSG00000050075,82
ENSMUSG00000086320,82
ENSMUSG00000063245,82
ENSMUSG00000107091,82
ENSMUSG00000029279,82
ENSMUSG00000097364,82
ENSMUSG00000108461,82
ENSMUSG00000092837,82
ENSMUSG00000098111,82
ENSMUSG00000091460,82
ENSMUSG00000024134,82
ENSMUSG00000079608,82
ENSMUSG00000103553,83
ENSMUSG00000093277,83
ENSMUSG00000103436,83
ENSMUSG00000078552,83
ENSMUSG00000030237,83
ENSMUSG00000109696,83
ENSMUSG00000095280,83
ENSMUSG00000092212,83
ENSMUSG00000087242,83
ENSMUSG00000097470,83
ENSMUSG00000036298,83
ENSMUSG00000056130,83
ENSMUSG00000025936,84
ENSMUSG00000026180,84
ENSMUSG00000026271,84
ENSMUSG00000104388,84
ENSMUSG00000086969,84
ENSMUSG00000090141,84
ENSMUSG00000106022,84
ENSMUSG00000038276,84
ENSMUSG00000001166,84
ENSMUSG00000029641,84
ENSMUSG00000106904,84
ENSMUSG00000104030,84
ENSMUSG00000073805,84
ENSMUSG00000040759,84
ENSMUSG00000102151,84
ENSMUSG00000048329,84
ENSMUSG00000047988,84
ENSMUSG00000041771,84
ENSMUSG00000047394,84
ENSMUSG00000023993,84
ENSMUSG00000079429,85
ENSMUSG00000078137,85
ENSMUSG00000045318,85
ENSMUSG00000107061,85
ENSMUSG00000080836,85
ENSMUSG00000107560,85
ENSMUSG00000107846,85
ENSMUSG00000008153,85
ENSMUSG00000039257,85
ENSMUSG00000056592,85
ENSMUSG00000044139,85
ENSMUSG00000031445,85
ENSMUSG00000098211,85
ENSMUSG00000065432,85
ENSMUSG00000042351,85
ENSMUSG00000046828,86
ENSMUSG00000062319,86
ENSMUSG00000097025,86
ENSMUSG00000025255,86
ENSMUSG00000029371,86
ENSMUSG00000105850,86
ENSMUSG00000038782,86
ENSMUSG00000040364,86
ENSMUSG00000110647,86
ENSMUSG00000091144,86
ENSMUSG00000084844,86
ENSMUSG00000086333,86
ENSMUSG00000102275,87
ENSMUSG00000103966,87
ENSMUSG00000099858,87
ENSMUSG00000106446,87
ENSMUSG00000087142,87
ENSMUSG00000043621,87
ENSMUSG00000044060,87
ENSMUSG00000097904,87
ENSMUSG00000086013,87
ENSMUSG00000108358,87
ENSMUSG00000069972,87
ENSMUSG00000090779,87
ENSMUSG00000110946,87
ENSMUSG00000034837,87
ENSMUSG00000020838,87
ENSMUSG00000035085,87
ENSMUSG00000021448,87
ENSMUSG00000052013,87
ENSMUSG00000024008,87
